{
  "hash": "495fd0e1",
  "configHash": "7cd77d20",
  "lockfileHash": "c6e63ed5",
  "browserHash": "d156317b",
  "optimized": {
    "react/jsx-dev-runtime": {
      "src": "../../react/jsx-dev-runtime.js",
      "file": "react_jsx-dev-runtime.js",
      "fileHash": "d0c6b7f5",
      "needsInterop": true
    },
    "axios": {
      "src": "../../axios/index.js",
      "file": "axios.js",
      "fileHash": "cc7c091e",
      "needsInterop": false
    },
    "lucide-react": {
      "src": "../../lucide-react/dist/esm/lucide-react.js",
      "file": "lucide-react.js",
      "fileHash": "1ad8cff1",
      "needsInterop": false
    },
    "react": {
      "src": "../../react/index.js",
      "file": "react.js",
      "fileHash": "4a435529",
      "needsInterop": true
    },
    "react-dom/client": {
      "src": "../../react-dom/client.js",
      "file": "react-dom_client.js",
      "fileHash": "48d064dc",
      "needsInterop": true
    },
    "react/jsx-runtime": {
      "src": "../../react/jsx-runtime.js",
      "file": "react_jsx-runtime.js",
      "fileHash": "a5a2851a",
      "needsInterop": true
    }
  },
  "chunks": {
    "chunk-DRWLMN53": {
      "file": "chunk-DRWLMN53.js"
    },
    "chunk-G3PMV62Z": {
      "file": "chunk-G3PMV62Z.js"
    }
  }
}